{
  "val_accuracy": 0.6795,
  "val_log_loss_raw": 0.584,
  "val_log_loss_cal": 0.5849,
  "val_log_loss_selected": 0.584,
  "val_brier_score": 0.201,
  "val_auc_roc": 0.7273,
  "rank_baseline_accuracy": 0.6191,
  "n_train": 127659,
  "n_val": 10101,
  "n_features": 40,
  "best_params": {
    "n_estimators": 408,
    "max_depth": 3,
    "learning_rate": 0.0794855529416333,
    "subsample": 0.6719168857099875,
    "colsample_bytree": 0.6756566096321964,
    "min_child_weight": 8,
    "reg_alpha": 0.15298754805393344,
    "reg_lambda": 0.9426671357876195
  },
  "temperature": 0.9993,
  "calibration_selected": false,
  "calibration_mode": "raw_identity",
  "train_years": [
    2008,
    2009,
    2010,
    2011,
    2012,
    2013,
    2014,
    2015,
    2016,
    2017,
    2018,
    2019,
    2020
  ],
  "val_year": 2021,
  "oos_years": [
    2022
  ],
  "cal_years": [
    2016,
    2017,
    2018,
    2019,
    2020
  ],
  "artifact_role": "holdout",
  "generated_utc": "2026-04-29T02:11:41.282157+00:00"
}