{
  "val_accuracy": 0.6718,
  "val_log_loss_raw": 0.5944,
  "val_log_loss_cal": 0.6031,
  "val_log_loss_selected": 0.5944,
  "val_brier_score": 0.2058,
  "val_auc_roc": 0.7018,
  "rank_baseline_accuracy": 0.63,
  "n_train": 163914,
  "n_val": 14118,
  "n_features": 40,
  "best_params": {
    "n_estimators": 326,
    "max_depth": 5,
    "learning_rate": 0.1396388738434859,
    "subsample": 0.9901950385181065,
    "colsample_bytree": 0.6078405594100008,
    "min_child_weight": 1,
    "reg_alpha": 0.6526940366694751,
    "reg_lambda": 0.632222892773146
  },
  "temperature": 0.9987,
  "calibration_selected": false,
  "calibration_mode": "raw_identity",
  "train_years": [
    2008,
    2009,
    2010,
    2011,
    2012,
    2013,
    2014,
    2015,
    2016,
    2017,
    2018,
    2019,
    2020,
    2021,
    2022,
    2023
  ],
  "val_year": 2024,
  "oos_years": [
    2025
  ],
  "cal_years": [
    2019,
    2020,
    2021,
    2022,
    2023
  ],
  "artifact_role": "holdout",
  "generated_utc": "2026-04-29T23:15:07.135478+00:00"
}