{
  "val_accuracy": 0.6799,
  "val_log_loss_raw": 0.5826,
  "val_log_loss_cal": 0.5846,
  "val_log_loss_selected": 0.5826,
  "val_brier_score": 0.2005,
  "val_auc_roc": 0.729,
  "rank_baseline_accuracy": 0.6191,
  "n_train": 127659,
  "n_val": 10101,
  "n_features": 40,
  "best_params": {
    "n_estimators": 659,
    "max_depth": 4,
    "learning_rate": 0.039549696086557645,
    "subsample": 0.6524088137477775,
    "colsample_bytree": 0.7185114861715538,
    "min_child_weight": 4,
    "reg_alpha": 0.41537540084218605,
    "reg_lambda": 1.7588304723021868
  },
  "temperature": 0.9992,
  "calibration_selected": false,
  "calibration_mode": "raw_identity",
  "train_years": [
    2008,
    2009,
    2010,
    2011,
    2012,
    2013,
    2014,
    2015,
    2016,
    2017,
    2018,
    2019,
    2020
  ],
  "val_year": 2021,
  "oos_years": [
    2022,
    2023,
    2024
  ],
  "cal_years": [
    2016,
    2017,
    2018,
    2019,
    2020
  ],
  "artifact_role": "production",
  "generated_utc": "2026-04-28T13:15:04.583033+00:00",
  "production_refit_matches": 177856
}